Competitor,Product Name,Price,Stock Status,Scraped At
QuotesToScrape,“The world as we have created it is a process of our thinking. It cannot be changed without changing our thinking.”,N/A,Albert Einstein,2026-01-11 21:37:52.398873
QuotesToScrape,"“It is our choices, Harry, that show what we truly are, far more than our abilities.”",N/A,J.K. Rowling,2026-01-11 21:37:52.398873
QuotesToScrape,“There are only two ways to live your life. One is as though nothing is a miracle. The other is as though everything is a miracle.”,N/A,Albert Einstein,2026-01-11 21:37:52.399877
QuotesToScrape,"“The person, be it gentleman or lady, who has not pleasure in a good novel, must be intolerably stupid.”",N/A,Jane Austen,2026-01-11 21:37:52.399877
QuotesToScrape,"“Imperfection is beauty, madness is genius and it's better to be absolutely ridiculous than absolutely boring.”",N/A,Marilyn Monroe,2026-01-11 21:37:52.399877
QuotesToScrape,“Try not to become a man of success. Rather become a man of value.”,N/A,Albert Einstein,2026-01-11 21:37:52.399877
QuotesToScrape,“It is better to be hated for what you are than to be loved for what you are not.”,N/A,André Gide,2026-01-11 21:37:52.399877
QuotesToScrape,"“I have not failed. I've just found 10,000 ways that won't work.”",N/A,Thomas A. Edison,2026-01-11 21:37:52.399877
QuotesToScrape,“A woman is like a tea bag; you never know how strong it is until it's in hot water.”,N/A,Eleanor Roosevelt,2026-01-11 21:37:52.399877
QuotesToScrape,"“A day without sunshine is like, you know, night.”",N/A,Steve Martin,2026-01-11 21:37:52.399877
